Time,SentRequestsPerSecond,SusceededResponses,TimedoutResponses
11:24:36,1,1,0
11:24:37,1,1,0
11:24:38,1,1,0
11:24:39,1,1,0
11:24:40,1,1,0
11:24:41,1,1,0
11:24:42,1,1,0
11:24:43,1,1,0
11:24:44,1,1,0
11:24:45,1,1,0
11:24:46,1,1,0
11:24:47,1,1,0
11:24:48,1,1,0
11:24:49,1,1,0
11:24:50,1,1,0
11:24:51,1,1,0
11:24:52,1,1,0
11:24:53,1,1,0
11:24:54,1,1,0
11:24:55,1,1,0
11:24:56,1,1,0
11:24:57,1,1,0
11:24:58,1,1,0
11:24:59,1,1,0
11:25:00,1,1,0
11:25:01,1,1,0
11:25:02,4,3,0
11:25:03,4,4,0
11:25:04,4,4,0
11:25:05,4,4,0
11:25:06,4,3,0
11:25:07,4,4,0
11:25:08,4,3,0
11:25:09,4,5,0
11:25:10,4,4,0
11:25:11,4,4,0
11:25:12,4,3,0
11:25:13,4,4,0
11:25:14,4,4,0
11:25:15,4,4,0
11:25:16,4,4,0
11:25:17,4,4,0
11:25:18,4,4,0
11:25:19,4,2,0
11:25:20,4,4,0
11:25:21,4,5,0
11:25:22,4,4,0
11:25:23,4,3,0
11:25:24,4,4,0
11:25:25,4,4,0
11:25:26,4,3,0
11:25:27,4,5,0
11:25:28,7,6,0
11:25:29,7,6,0
11:25:30,7,7,0
11:25:31,7,7,0
11:25:32,7,6,0
11:25:33,7,8,0
11:25:34,7,5,0
11:25:35,7,8,0
11:25:36,7,6,0
11:25:37,7,7,0
11:25:38,7,6,0
11:25:39,7,8,0
11:25:40,7,6,0
11:25:41,7,6,0
11:25:42,7,7,0
11:25:43,7,7,0
11:25:44,7,6,0
11:25:45,7,7,0
11:25:46,7,6,0
11:25:47,7,7,0
11:25:48,7,8,0
11:25:49,7,5,0
11:25:50,7,8,0
11:25:51,7,6,0
11:25:52,7,7,0
11:25:53,7,7,0
11:25:54,10,8,0
11:25:55,10,10,0
11:25:56,10,8,0
11:25:57,10,9,0
11:25:58,10,9,0
11:25:59,10,8,0
11:26:00,10,11,0
11:26:01,10,9,0
11:26:02,10,10,0
11:26:03,10,8,0
11:26:04,10,11,0
11:26:05,10,9,0
11:26:06,10,8,0
11:26:07,10,10,0
11:26:08,10,8,0
11:26:09,10,9,0
11:26:10,10,8,0
11:26:11,10,11,0
11:26:12,10,10,0
11:26:13,10,8,0
11:26:14,10,9,0
11:26:15,10,9,0
11:26:16,10,9,0
11:26:17,10,11,0
11:26:18,10,9,0
11:26:19,10,7,0
11:26:20,13,13,0
11:26:21,13,13,0
11:26:22,13,11,0
11:26:23,13,11,0
11:26:24,13,12,0
11:26:25,13,15,0
11:26:26,13,12,0
11:26:27,13,13,0
11:26:28,13,11,0
11:26:29,13,15,0
11:26:30,13,11,0
11:26:31,13,13,0
11:26:32,13,12,0
11:26:33,13,11,0
11:26:34,13,13,0
11:26:35,13,11,0
11:26:36,13,14,0
11:26:37,13,10,0
11:26:38,13,13,0
11:26:39,13,14,0
11:26:40,13,9,0
11:26:41,13,13,0
11:26:42,13,13,0
11:26:43,13,14,0
11:26:44,13,13,0
11:26:45,13,10,0
11:26:46,16,16,0
11:26:47,16,15,0
11:26:48,16,17,0
11:26:49,16,15,0
11:26:50,16,15,0
11:26:51,16,15,0
11:26:52,16,12,0
11:26:53,16,16,0
11:26:54,16,17,0
11:26:55,16,14,0
11:26:56,16,16,0
11:26:57,16,13,2
11:26:58,16,16,0
11:26:59,16,17,0
11:27:00,16,16,0
11:27:01,16,14,0
11:27:02,16,16,0
11:27:03,16,15,0
11:27:04,16,15,0
11:27:05,16,17,0
11:27:06,16,15,0
11:27:07,16,16,0
11:27:08,16,15,0
11:27:09,16,16,0
11:27:10,16,15,0
11:27:11,16,15,2
11:27:12,19,17,0
11:27:13,19,15,0
11:27:14,19,21,0
11:27:15,19,18,0
11:27:16,19,20,2
11:27:17,19,13,0
11:27:18,19,22,2
11:27:19,19,18,0
11:27:20,19,16,0
11:27:21,19,19,2
11:27:22,19,19,0
11:27:23,19,18,0
11:27:24,19,18,0
11:27:25,19,17,0
11:27:26,19,20,0
11:27:27,19,18,0
11:27:28,19,17,0
11:27:29,19,18,0
11:27:30,19,19,0
11:27:31,19,19,0
11:27:32,19,16,0
11:27:33,19,19,0
11:27:34,19,19,0
11:27:35,19,19,0
11:27:36,19,18,0
11:27:37,19,18,0
11:27:38,22,21,0
11:27:39,22,22,0
11:27:40,22,20,0
11:27:41,22,22,0
11:27:42,22,22,0
11:27:43,22,21,0
11:27:44,22,21,0
11:27:45,22,18,0
11:27:46,22,21,0
11:27:47,22,24,0
11:27:48,22,18,0
11:27:49,22,25,0
11:27:50,22,21,0
11:27:51,22,22,0
11:27:52,22,22,0
11:27:53,22,20,0
11:27:54,22,22,0
11:27:55,22,21,0
11:27:56,22,19,0
11:27:57,22,23,0
11:27:58,22,22,0
11:27:59,22,21,0
11:28:00,22,21,0
11:28:01,22,20,0
11:28:02,22,16,0
11:28:03,22,21,0
11:28:04,25,27,0
11:28:05,25,25,0
11:28:06,25,25,0
11:28:07,25,24,0
11:28:08,25,24,0
11:28:09,25,25,0
11:28:10,25,24,0
11:28:11,25,24,0
11:28:12,25,22,0
11:28:13,25,26,0
11:28:14,25,25,0
11:28:15,25,21,0
11:28:16,25,23,0
11:28:17,25,24,0
11:28:18,25,23,0
11:28:19,25,26,0
11:28:20,25,24,0
11:28:21,25,24,0
11:28:22,25,24,0
11:28:23,25,24,0
11:28:24,25,24,0
11:28:25,25,19,0
11:28:26,25,30,0
11:28:27,25,24,0
11:28:28,25,24,0
11:28:29,25,20,0
11:28:30,28,32,0
11:28:31,28,26,0
11:28:32,28,27,0
11:28:33,28,27,0
11:28:34,28,26,0
11:28:35,28,26,0
11:28:36,28,26,0
11:28:37,28,28,0
11:28:38,28,30,0
11:28:39,28,26,0
11:28:40,28,26,0
11:28:41,28,30,0
11:28:42,28,27,0
11:28:43,28,27,0
11:28:44,28,28,0
11:28:45,28,27,0
11:28:46,28,21,0
11:28:47,28,33,0
11:28:48,28,28,0
11:28:49,28,28,0
11:28:50,28,26,0
11:28:51,28,23,0
11:28:52,28,31,0
11:28:53,28,26,0
11:28:54,28,28,0
11:28:55,28,24,0
11:28:56,31,34,0
11:28:57,31,29,0
11:28:58,31,30,0
11:28:59,31,31,0
11:29:00,31,31,0
11:29:01,31,27,0
11:29:02,31,34,0
11:29:03,31,28,0
11:29:04,31,30,0
11:29:05,31,26,0
11:29:06,31,34,0
11:29:07,31,31,0
11:29:08,31,30,0
11:29:09,31,32,0
11:29:10,31,23,0
11:29:11,31,37,0
11:29:12,31,31,0
11:29:13,31,24,6
11:29:14,31,33,0
11:29:15,31,30,0
11:29:16,31,29,0
11:29:17,31,30,2
11:29:18,31,28,0
11:29:19,31,31,0
11:29:20,31,30,0
11:29:21,31,25,6
11:29:22,34,35,0
11:29:23,34,32,2
11:29:24,34,26,0
11:29:25,34,30,12
11:29:26,34,32,0
11:29:27,34,32,2
11:29:28,34,33,0
11:29:29,34,32,0
11:29:30,34,35,0
11:29:31,34,32,0
11:29:32,34,33,0
11:29:33,34,32,4
11:29:34,34,34,0
11:29:35,34,33,0
11:29:36,34,34,0
11:29:37,34,33,0
11:29:38,34,32,0
11:29:39,34,34,0
11:29:40,34,34,0
11:29:41,34,27,12
11:29:42,34,20,8
11:29:43,34,32,6
11:29:44,34,22,8
11:29:45,34,18,18
11:29:46,34,28,0
11:29:47,34,34,0
11:29:48,31,21,8
11:29:49,31,29,10
11:29:50,31,32,0
11:29:51,31,31,0
11:29:52,31,28,0
11:29:53,31,32,0
11:29:54,31,29,0
11:29:55,31,29,2
11:29:56,31,29,0
11:29:57,31,13,14
11:29:58,31,30,10
11:29:59,31,29,2
11:30:00,31,26,4
11:30:01,31,23,12
11:30:02,31,27,2
11:30:03,31,30,0
11:30:04,31,22,6
11:30:05,31,19,6
11:30:06,31,28,8
11:30:07,31,31,0
11:30:08,31,28,0
11:30:09,31,27,0
11:30:10,31,23,16
11:30:11,31,24,12
11:30:12,31,31,0
11:30:13,31,27,0
11:30:14,31,24,8
11:30:15,31,31,0
11:30:16,31,29,0
11:30:17,31,31,0
11:30:18,31,31,0
11:30:19,31,20,4
11:30:20,31,26,8
11:30:21,31,32,0
11:30:22,31,31,0
11:30:23,31,28,0
11:30:24,31,31,0
11:30:25,31,29,2
11:30:26,31,30,0
11:30:27,31,31,0
11:30:28,31,28,2
11:30:29,31,31,0
11:30:30,31,20,10
11:30:31,31,18,18
11:30:32,31,13,18
11:30:33,31,27,8
11:30:34,31,30,0
11:30:35,31,25,0
11:30:36,31,31,8
11:30:37,31,31,0
11:30:38,31,28,2
11:30:39,31,26,8
11:30:40,31,30,0
11:30:41,31,30,0
11:30:42,31,28,0
11:30:43,31,32,2
11:30:44,31,29,0
11:30:45,31,31,0
11:30:46,31,29,0
11:30:47,31,31,0
11:30:48,31,28,2
11:30:49,31,30,0
11:30:50,31,31,0
11:30:51,31,30,0
11:30:52,31,29,0
11:30:53,31,32,0
11:30:54,31,29,0
11:30:55,31,29,0
11:30:56,31,32,0
11:30:57,31,29,2
11:30:58,31,30,0
11:30:59,31,31,0
11:31:00,31,27,0
11:31:01,31,27,6
11:31:02,31,30,0
11:31:03,31,30,0
11:31:04,31,29,0
11:31:05,31,30,0
11:31:06,31,27,0
11:31:07,31,27,6
11:31:08,31,29,0
11:31:09,31,22,8
11:31:10,31,27,6
11:31:11,31,30,0
11:31:12,31,30,0
11:31:13,31,30,0
11:31:14,31,30,0
11:31:15,31,30,0
11:31:16,31,20,6
11:31:17,31,26,10
11:31:18,31,29,0
11:31:19,31,31,0
11:31:20,31,31,0
11:31:21,31,30,0
11:31:22,31,31,0
11:31:23,31,30,0
11:31:24,31,31,0
11:31:25,31,23,0
11:31:26,31,9,20
11:31:27,31,37,12
11:31:28,31,22,8
11:31:29,31,32,0
11:31:30,31,21,0
11:31:31,31,23,18
11:31:32,31,29,0
11:31:33,31,27,6
11:31:34,31,30,0
11:31:35,31,30,0
11:31:36,31,30,0
11:31:37,31,31,0
11:31:38,31,28,0
11:31:39,31,32,0
11:31:40,31,30,0
11:31:41,31,26,0
11:31:42,31,19,10
11:31:43,31,26,10
11:31:44,31,31,0
11:31:45,31,28,4
11:31:46,31,30,0
11:31:47,31,27,0
11:31:48,31,30,4
11:31:49,31,26,6
11:31:50,31,29,4
11:31:51,31,30,0
11:31:52,31,31,0
11:31:53,31,28,0
11:31:54,31,19,10
11:31:55,31,26,18
11:31:56,31,14,8
11:31:57,31,11,26
11:31:58,31,26,2
11:31:59,31,30,0
11:32:00,31,20,10
11:32:01,31,24,12
11:32:02,31,22,6
11:32:03,31,24,14
11:32:04,31,29,2
11:32:05,31,27,0
11:32:06,31,21,18
11:32:07,31,26,4
11:32:08,31,19,8
11:32:09,31,26,10
11:32:10,31,32,0
11:32:11,31,29,2
11:32:12,31,29,0
11:32:13,31,31,2
11:32:14,31,23,6
11:32:15,31,29,0
11:32:16,31,29,0
11:32:17,31,31,0
11:32:18,31,28,0
11:32:19,31,32,0
11:32:20,31,30,0
11:32:21,31,31,0
11:32:22,31,25,0
11:32:23,31,16,10
11:32:24,31,26,10
11:32:25,31,30,0
11:32:26,31,25,0
11:32:27,31,29,10
11:32:28,31,31,0
11:32:29,31,29,0
11:32:30,31,31,0
11:32:31,31,25,8
11:32:32,31,17,8
11:32:33,31,23,10
11:32:34,31,13,20
11:32:35,31,26,6
11:32:36,31,29,0
11:32:37,31,22,6
11:32:38,31,26,14
11:32:39,31,14,18
11:32:40,31,25,10
11:32:41,31,24,8
11:32:42,31,32,0
11:32:43,31,30,0
11:32:44,31,25,0
11:32:45,31,24,12
11:32:46,51,24,4
11:32:47,51,6,10
11:32:48,51,17,28
11:32:49,51,24,14
11:32:50,51,41,10
11:32:51,51,50,0
11:32:52,51,44,4
11:32:53,51,41,4
11:32:54,51,19,10
11:32:55,51,13,18
11:32:56,51,14,18
11:32:57,51,14,20
11:32:58,51,33,16
11:32:59,51,15,22
11:33:00,51,14,22
11:33:01,51,38,16
11:33:02,51,16,6
11:33:03,51,20,32
11:33:04,51,10,18
11:33:05,51,33,8
11:33:06,51,21,10
11:33:07,51,12,14
11:33:08,51,23,4
11:33:09,51,14,26
11:33:10,51,33,8
11:33:11,51,12,20
11:33:12,51,23,14
11:33:13,51,33,12
11:33:14,51,25,16
11:33:15,51,56,0
11:33:16,51,52,0
11:33:17,51,50,0
11:33:18,51,47,0
11:33:19,51,51,0
11:33:20,51,23,0
11:33:21,51,65,0
11:33:22,51,50,0
11:33:23,51,50,0
11:33:24,51,51,0
11:33:25,51,49,0
11:33:26,51,3,0
11:33:27,51,7,0
11:33:28,51,74,0
11:33:29,51,51,0
11:33:30,51,51,0
11:33:31,51,49,0
11:33:32,51,47,0
11:33:33,51,11,0
11:33:34,51,7,0
11:33:35,51,39,0
11:33:36,51,56,0
11:33:37,51,48,0
11:33:38,51,42,0
11:33:39,51,54,0
11:33:40,51,25,10
11:33:41,51,5,0
11:33:42,51,71,0
11:33:43,51,47,0
11:33:44,51,63,0
11:33:45,51,43,0
11:33:46,51,46,0
11:33:47,51,8,0
11:33:48,51,7,0
11:33:49,51,19,0
11:33:50,51,67,0
11:33:51,51,56,0
11:33:52,51,49,0
11:33:53,51,49,0
11:33:54,51,52,0
11:33:55,51,3,0
11:33:56,51,3,0
11:33:57,51,38,0
11:33:58,51,59,0
11:33:59,51,49,0
11:34:00,51,50,0
11:34:01,51,49,0
11:34:02,51,36,0
11:34:03,51,3,0
11:34:04,51,42,0
11:34:05,51,50,0
11:34:06,51,50,0
11:34:07,51,51,0
11:34:08,51,49,0
11:34:09,51,29,0
11:34:10,51,50,0
11:34:11,51,49,0
11:34:12,51,50,0
11:34:13,51,49,0
11:34:14,51,49,0
11:34:15,51,52,0
11:34:16,51,51,0
11:34:17,51,49,0
11:34:18,51,52,0
11:34:19,51,51,0
11:34:20,51,38,0
11:34:21,51,60,0
11:34:22,51,52,0
11:34:23,51,50,0
11:34:24,51,50,0
11:34:25,51,45,0
11:34:26,51,5,0
11:34:27,51,43,0
11:34:28,51,50,0
11:34:29,51,50,0
11:34:30,51,49,0
11:34:31,51,50,0
11:34:32,51,44,0
11:34:33,51,56,0
11:34:34,51,51,0
11:34:35,51,50,0
11:34:36,51,49,0
11:34:37,51,44,0
11:34:38,51,21,0
11:34:39,51,46,0
11:34:40,51,67,0
11:34:41,51,55,0
11:34:42,51,51,0
11:34:43,51,49,0
11:34:44,51,5,0
11:34:45,51,5,0
11:34:46,51,47,0
11:34:47,51,47,0
11:34:48,51,51,0
11:34:49,51,50,0
11:34:50,51,47,0
11:34:51,51,31,0
11:34:52,51,41,0
11:34:53,51,50,0
11:34:54,51,50,0
11:34:55,51,48,0
11:34:56,51,50,0
11:34:57,51,50,0
11:34:58,51,26,0
11:34:59,51,50,0
11:35:00,51,48,0
11:35:01,51,48,0
11:35:02,51,51,0
11:35:03,51,53,0
11:35:04,51,48,0
11:35:05,51,51,0
11:35:06,51,48,0
11:35:07,51,30,0
11:35:08,51,66,0
11:35:09,51,51,0
11:35:10,51,50,0
11:35:11,51,50,0
11:35:12,51,38,0
11:35:13,51,7,0
11:35:14,51,37,0
11:35:15,51,49,0
11:35:16,51,51,0
11:35:17,51,47,0
11:35:18,51,52,0
11:35:19,51,39,0
11:35:20,51,27,0
11:35:21,51,67,0
11:35:22,51,50,0
11:35:23,51,49,0
11:35:24,51,50,0
11:35:25,51,43,0
11:35:26,51,3,0
11:35:27,51,3,0
11:35:28,51,63,0
11:35:29,51,67,0
11:35:30,51,40,0
11:35:31,51,60,0
11:35:32,51,49,0
11:35:33,51,14,0
11:35:34,51,5,0
11:35:35,51,1,0
11:35:36,51,46,0
11:35:37,51,49,0
11:35:38,51,49,0
11:35:39,51,50,0
11:35:40,51,51,0
11:35:41,51,48,0
11:35:42,51,46,4
11:35:43,51,41,6
11:35:44,51,30,14
11:35:45,51,15,16
11:35:46,51,15,20
11:35:47,51,30,20
11:35:48,51,46,10
11:35:49,51,45,8
11:35:50,51,49,2
11:35:51,51,47,6
11:35:52,51,23,8
11:35:53,51,45,6
11:35:54,51,47,2
11:35:55,51,50,2
11:35:56,51,46,4
11:35:57,51,47,8
11:35:58,51,48,4
11:35:59,51,43,2
11:36:00,51,48,4
11:36:01,51,41,10
11:36:02,51,19,16
11:36:03,51,25,16
11:36:04,51,25,22
11:36:05,51,57,0
11:36:06,51,46,4
11:36:07,51,52,0
11:36:08,51,20,16
11:36:09,51,33,6
11:36:10,51,47,4
11:36:11,51,44,12
11:36:12,51,19,8
11:36:13,51,15,14
11:36:14,51,20,22
11:36:15,51,20,14
11:36:16,51,16,22
11:36:17,51,20,14
11:36:18,51,40,14
11:36:19,51,51,2
11:36:20,51,38,6
11:36:21,51,29,12
11:36:22,51,15,16
11:36:23,51,45,4
11:36:24,51,48,2
11:36:25,51,47,2
11:36:26,51,43,6
11:36:27,51,16,12
11:36:28,51,25,14
11:36:29,51,22,24
11:36:30,51,29,16
11:36:31,51,46,4
11:36:32,51,46,2
11:36:33,51,44,10
11:36:34,51,24,10
11:36:35,51,10,14
11:36:36,51,15,20
11:36:37,51,29,18
